{
    "accuracy": 0.4,
    "precision": 0.5555555555555556,
    "recall": 0.38461538461538464,
    "f1_score": 0.45454545454545453
}
